{
  "generatedBy": "tools/repo_snapshot.mjs",
  "root": ".",
  "stats": {
    "totalFiles": 110,
    "totalDirs": 29,
    "extCounts": {
      ".png": 5,
      ".css": 2,
      "(noext)": 5,
      ".yml": 6,
      ".md": 26,
      ".html": 6,
      ".js": 9,
      ".svg": 1,
      ".json": 21,
      ".mjs": 21,
      ".tch": 1,
      ".txt": 2,
      ".rules": 1,
      ".ts": 1,
      ".bundle": 1,
      ".ps1": 1,
      ".sh": 1
    }
  },
  "ignored": {
    "dirs": [
      ".git"
    ],
    "partialDirs": [
      "DOC/health/daily"
    ]
  },
  "nodes": [
    {
      "path": "_graveyard",
      "type": "dir"
    },
    {
      "path": "_graveyard/assets",
      "type": "dir"
    },
    {
      "path": "_graveyard/assets/spacecolors-mark-512.png",
      "type": "file"
    },
    {
      "path": "_graveyard/assets/spacecolors-mark-64.png",
      "type": "file"
    },
    {
      "path": "_graveyard/style.css",
      "type": "file"
    },
    {
      "path": "_graveyard/themes.css",
      "type": "file"
    },
    {
      "path": ".editorconfig",
      "type": "file"
    },
    {
      "path": ".firebaserc",
      "type": "file"
    },
    {
      "path": ".github",
      "type": "dir"
    },
    {
      "path": ".github/CODEOWNERS",
      "type": "file"
    },
    {
      "path": ".github/ISSUE_TEMPLATE",
      "type": "dir"
    },
    {
      "path": ".github/ISSUE_TEMPLATE/bug_report.yml",
      "type": "file"
    },
    {
      "path": ".github/ISSUE_TEMPLATE/feature_request.yml",
      "type": "file"
    },
    {
      "path": ".github/pull_request_template.md",
      "type": "file"
    },
    {
      "path": ".github/workflows",
      "type": "dir"
    },
    {
      "path": ".github/workflows/ceo-repo-health.yml",
      "type": "file"
    },
    {
      "path": ".github/workflows/data-contract.yml",
      "type": "file"
    },
    {
      "path": ".github/workflows/ops-quarantine.yml",
      "type": "file"
    },
    {
      "path": ".github/workflows/repo-snapshot.yml",
      "type": "file"
    },
    {
      "path": ".gitignore",
      "type": "file"
    },
    {
      "path": "account.html",
      "type": "file"
    },
    {
      "path": "account.js",
      "type": "file"
    },
    {
      "path": "admin.html",
      "type": "file"
    },
    {
      "path": "assets",
      "type": "dir"
    },
    {
      "path": "assets/spacecolors-mark-128.png",
      "type": "file"
    },
    {
      "path": "assets/spacecolors-mark-256.png",
      "type": "file"
    },
    {
      "path": "assets/spacecolors-mark-512.png",
      "type": "file"
    },
    {
      "path": "assets/spacecolors-mark.svg",
      "type": "file"
    },
    {
      "path": "auth.js",
      "type": "file"
    },
    {
      "path": "CONTRIBUTING.md",
      "type": "file"
    },
    {
      "path": "crowd.js",
      "type": "file"
    },
    {
      "path": "data",
      "type": "dir"
    },
    {
      "path": "data/audit",
      "type": "dir"
    },
    {
      "path": "data/audit/.gitkeep",
      "type": "file"
    },
    {
      "path": "data/contract.manifest.json",
      "type": "file"
    },
    {
      "path": "data/migrations",
      "type": "dir"
    },
    {
      "path": "data/migrations/palettes",
      "type": "dir"
    },
    {
      "path": "data/migrations/palettes/0.1.0__to__1.0.0.mjs",
      "type": "file"
    },
    {
      "path": "data/migrations/threads",
      "type": "dir"
    },
    {
      "path": "data/migrations/threads/0.1.0__to__1.0.0.mjs",
      "type": "file"
    },
    {
      "path": "data/migrations/threads_generated",
      "type": "dir"
    },
    {
      "path": "data/migrations/threads_generated/0.1.0__to__1.0.0.mjs",
      "type": "file"
    },
    {
      "path": "data/migrations/vault",
      "type": "dir"
    },
    {
      "path": "data/migrations/vault/0.1.0__to__1.0.0.mjs",
      "type": "file"
    },
    {
      "path": "data/palettes.json",
      "type": "file"
    },
    {
      "path": "data/raw_tch",
      "type": "dir"
    },
    {
      "path": "data/raw_tch/Ackerman Isacord 30.tch",
      "type": "file"
    },
    {
      "path": "data/README.md",
      "type": "file"
    },
    {
      "path": "data/schemas",
      "type": "dir"
    },
    {
      "path": "data/schemas/palettes",
      "type": "dir"
    },
    {
      "path": "data/schemas/palettes/0.1.0.json",
      "type": "file"
    },
    {
      "path": "data/schemas/palettes.schema.json",
      "type": "file"
    },
    {
      "path": "data/schemas/threads",
      "type": "dir"
    },
    {
      "path": "data/schemas/threads/0.1.0.json",
      "type": "file"
    },
    {
      "path": "data/schemas/threads.schema.json",
      "type": "file"
    },
    {
      "path": "data/schemas/vault",
      "type": "dir"
    },
    {
      "path": "data/schemas/vault/0.1.0.json",
      "type": "file"
    },
    {
      "path": "data/schemas/vault.schema.json",
      "type": "file"
    },
    {
      "path": "data/scripts",
      "type": "dir"
    },
    {
      "path": "data/scripts/audit.mjs",
      "type": "file"
    },
    {
      "path": "data/scripts/migrate_contract.mjs",
      "type": "file"
    },
    {
      "path": "data/scripts/validate_contract.mjs",
      "type": "file"
    },
    {
      "path": "data/threads.generated.json",
      "type": "file"
    },
    {
      "path": "data/vault.json",
      "type": "file"
    },
    {
      "path": "data_normalize.js",
      "type": "file"
    },
    {
      "path": "dependency-audit.json",
      "type": "file"
    },
    {
      "path": "dependency-audit.md",
      "type": "file"
    },
    {
      "path": "DOC",
      "type": "dir"
    },
    {
      "path": "DOC/00_TOAN_CANH.md",
      "type": "file"
    },
    {
      "path": "DOC/01_NOW.md",
      "type": "file"
    },
    {
      "path": "DOC/01_WORKFLOW.md",
      "type": "file"
    },
    {
      "path": "DOC/02_QUAN_TRI_GITHUB.md",
      "type": "file"
    },
    {
      "path": "DOC/03_RUNTIME_CONTRACT.md",
      "type": "file"
    },
    {
      "path": "DOC/04_CƠ_CẤU_VẬN_HÀNH.md",
      "type": "file"
    },
    {
      "path": "DOC/05_NHỊP_ĐIỀU_HÀNH.md",
      "type": "file"
    },
    {
      "path": "DOC/06_TIÊU_CHUẨN_CHẤT_LƯỢNG.md",
      "type": "file"
    },
    {
      "path": "DOC/ACTIONS.md",
      "type": "file"
    },
    {
      "path": "DOC/audit",
      "type": "dir"
    },
    {
      "path": "DOC/audit/quarantine-candidates.json",
      "type": "file"
    },
    {
      "path": "DOC/audit/quarantine-candidates.md",
      "type": "file"
    },
    {
      "path": "DOC/CEO_COCKPIT.md",
      "type": "file"
    },
    {
      "path": "DOC/DECISIONS.md",
      "type": "file"
    },
    {
      "path": "DOC/DEV_EMULATORS.md",
      "type": "file"
    },
    {
      "path": "DOC/DOC_GLOSSARY_8PORTALS.md",
      "type": "file"
    },
    {
      "path": "DOC/EVENT_MAP.md",
      "type": "file"
    },
    {
      "path": "DOC/health",
      "type": "dir"
    },
    {
      "path": "DOC/health/daily",
      "type": "dir"
    },
    {
      "path": "DOC/health/health-trend.json",
      "type": "file"
    },
    {
      "path": "DOC/NORTH_STAR.md",
      "type": "file"
    },
    {
      "path": "DOC/REPO_SNAPSHOT_INDEX.json",
      "type": "file"
    },
    {
      "path": "DOC/REPO_SNAPSHOT.md",
      "type": "file"
    },
    {
      "path": "DOC/RISKS.md",
      "type": "file"
    },
    {
      "path": "emulator_status.txt",
      "type": "file"
    },
    {
      "path": "firebase.json",
      "type": "file"
    },
    {
      "path": "firestore.rules",
      "type": "file"
    },
    {
      "path": "functions",
      "type": "dir"
    },
    {
      "path": "functions/package-lock.json",
      "type": "file"
    },
    {
      "path": "functions/package.json",
      "type": "file"
    },
    {
      "path": "functions/README.md",
      "type": "file"
    },
    {
      "path": "functions/src",
      "type": "dir"
    },
    {
      "path": "functions/src/index.ts",
      "type": "file"
    },
    {
      "path": "functions/tsconfig.json",
      "type": "file"
    },
    {
      "path": "i18n.js",
      "type": "file"
    },
    {
      "path": "index.html",
      "type": "file"
    },
    {
      "path": "library.js",
      "type": "file"
    },
    {
      "path": "package-lock.json",
      "type": "file"
    },
    {
      "path": "package.json",
      "type": "file"
    },
    {
      "path": "README.md",
      "type": "file"
    },
    {
      "path": "repo_manifest.txt",
      "type": "file"
    },
    {
      "path": "repo.bundle",
      "type": "file"
    },
    {
      "path": "script.js",
      "type": "file"
    },
    {
      "path": "scripts",
      "type": "dir"
    },
    {
      "path": "scripts/check-encoding.mjs",
      "type": "file"
    },
    {
      "path": "scripts/fix-mojibake.mjs",
      "type": "file"
    },
    {
      "path": "SECURITY.md",
      "type": "file"
    },
    {
      "path": "stock.js",
      "type": "file"
    },
    {
      "path": "threads.json",
      "type": "file"
    },
    {
      "path": "tools",
      "type": "dir"
    },
    {
      "path": "tools/bootstrap_admin.mjs",
      "type": "file"
    },
    {
      "path": "tools/dependency_audit.mjs",
      "type": "file"
    },
    {
      "path": "tools/export_repo_snapshot.ps1",
      "type": "file"
    },
    {
      "path": "tools/export_repo_snapshot.sh",
      "type": "file"
    },
    {
      "path": "tools/health_history.mjs",
      "type": "file"
    },
    {
      "path": "tools/import_tch.mjs",
      "type": "file"
    },
    {
      "path": "tools/normalize_threads.mjs",
      "type": "file"
    },
    {
      "path": "tools/ops_automation.mjs",
      "type": "file"
    },
    {
      "path": "tools/ops_bot.mjs",
      "type": "file"
    },
    {
      "path": "tools/quarantine_candidates.mjs",
      "type": "file"
    },
    {
      "path": "tools/quarantine_pr.mjs",
      "type": "file"
    },
    {
      "path": "tools/README_EXPORT_REPO.md",
      "type": "file"
    },
    {
      "path": "tools/repo_doctor.mjs",
      "type": "file"
    },
    {
      "path": "tools/repo_snapshot.mjs",
      "type": "file"
    },
    {
      "path": "tools/validate_threads.mjs",
      "type": "file"
    },
    {
      "path": "workers",
      "type": "dir"
    },
    {
      "path": "workers/thread_search.worker.js",
      "type": "file"
    },
    {
      "path": "worlds",
      "type": "dir"
    },
    {
      "path": "worlds/palette.html",
      "type": "file"
    },
    {
      "path": "worlds/threadcolor.html",
      "type": "file"
    },
    {
      "path": "worlds/threadvault.html",
      "type": "file"
    }
  ]
}