{
  "generated_at": "2026-01-01T06:59:06.685Z",
  "health_score": 97,
  "counts": {
    "block": 0,
    "warn": 1,
    "info": 5
  },
  "top_reasons": [
    {
      "level": "WARN",
      "title": "TODO/FIXME",
      "count": 1
    }
  ],
  "issues": {
    "block": [],
    "warn": [
      {
        "title": "TODO/FIXME",
        "detail": "Tổng 31 mục",
        "path": "-"
      }
    ],
    "info": [
      {
        "title": "Output tooling (được phép)",
        "detail": "Chưa có threads.cleaned.json",
        "path": "tools/validate_threads.mjs"
      },
      {
        "title": "Output tooling (được phép)",
        "detail": "Chưa có threads.conflicts.json",
        "path": "tools/validate_threads.mjs"
      },
      {
        "title": "Thống kê tổng quan",
        "detail": "Tổng file: 62"
      },
      {
        "title": "Worlds",
        "detail": "3 trang"
      },
      {
        "title": "Workers",
        "detail": "1 file"
      }
    ]
  },
  "stats": {
    "total_files": 62,
    "missing_internal": 0,
    "unused_assets": 0,
    "large_files": 0
  }
}