{
  "entrypoints": [
    "index.html",
    "account.html",
    "worlds/palette.html",
    "worlds/threadcolor.html",
    "worlds/threadvault.html"
  ],
  "stats": {
    "total": 41,
    "reachable": 15,
    "unreachable": 26,
    "missing": 2,
    "suspected_runtime": 0,
    "ignored_builtin": 7,
    "ignored_external": 3
  },
  "missing": [
    {
      "from": "tools/validate_threads.mjs",
      "rawRef": "../threads.cleaned.json",
      "resolvedRef": "threads.cleaned.json",
      "kind": "internal",
      "note": "Không tìm thấy file"
    },
    {
      "from": "tools/validate_threads.mjs",
      "rawRef": "../threads.conflicts.json",
      "resolvedRef": "threads.conflicts.json",
      "kind": "internal",
      "note": "Không tìm thấy file"
    }
  ],
  "suspected_runtime": [],
  "nodes": [
    {
      "path": ".github/CODEOWNERS",
      "type": "",
      "reachable": false,
      "category": "tooling",
      "refs_in": [],
      "refs_out": []
    },
    {
      "path": ".github/ISSUE_TEMPLATE/bug_report.yml",
      "type": ".yml",
      "reachable": false,
      "category": "tooling",
      "refs_in": [],
      "refs_out": []
    },
    {
      "path": ".github/ISSUE_TEMPLATE/feature_request.yml",
      "type": ".yml",
      "reachable": false,
      "category": "tooling",
      "refs_in": [],
      "refs_out": []
    },
    {
      "path": ".github/pull_request_template.md",
      "type": ".md",
      "reachable": false,
      "category": "doc",
      "refs_in": [],
      "refs_out": []
    },
    {
      "path": "account.html",
      "type": ".html",
      "reachable": true,
      "category": "runtime",
      "refs_in": [],
      "refs_out": [
        "index.html",
        "assets/spacecolors-logo-topbar.png",
        "worlds/threadcolor.html",
        "worlds/palette.html",
        "worlds/threadvault.html",
        "worlds/threadcolor.html",
        "worlds/palette.html",
        "auth.js"
      ]
    },
    {
      "path": "index.html",
      "type": ".html",
      "reachable": true,
      "category": "runtime",
      "refs_in": [
        "account.html",
        "index.html",
        "worlds/palette.html",
        "worlds/threadcolor.html",
        "worlds/threadvault.html"
      ],
      "refs_out": [
        "index.html",
        "assets/spacecolors-logo-topbar.png",
        "worlds/threadcolor.html",
        "worlds/palette.html",
        "worlds/threadcolor.html",
        "worlds/threadcolor.html",
        "worlds/threadcolor.html",
        "i18n.js",
        "auth.js"
      ]
    },
    {
      "path": "assets/spacecolors-logo-topbar.png",
      "type": ".png",
      "reachable": true,
      "category": "asset",
      "refs_in": [
        "account.html",
        "index.html",
        "worlds/palette.html",
        "worlds/threadcolor.html",
        "worlds/threadvault.html"
      ],
      "refs_out": []
    },
    {
      "path": "worlds/threadcolor.html",
      "type": ".html",
      "reachable": true,
      "category": "runtime",
      "refs_in": [
        "account.html",
        "account.html",
        "index.html",
        "index.html",
        "index.html",
        "index.html",
        "worlds/palette.html",
        "worlds/palette.html",
        "worlds/threadcolor.html",
        "worlds/threadvault.html",
        "worlds/threadvault.html",
        "worlds/threadvault.html",
        "worlds/threadvault.html"
      ],
      "refs_out": [
        "index.html",
        "assets/spacecolors-logo-topbar.png",
        "worlds/threadcolor.html",
        "worlds/palette.html",
        "worlds/threadvault.html",
        "i18n.js",
        "auth.js",
        "script.js"
      ]
    },
    {
      "path": "worlds/palette.html",
      "type": ".html",
      "reachable": true,
      "category": "runtime",
      "refs_in": [
        "account.html",
        "account.html",
        "index.html",
        "worlds/palette.html",
        "worlds/threadcolor.html",
        "worlds/threadvault.html"
      ],
      "refs_out": [
        "index.html",
        "assets/spacecolors-logo-topbar.png",
        "worlds/threadcolor.html",
        "worlds/palette.html",
        "worlds/threadcolor.html",
        "auth.js"
      ]
    },
    {
      "path": "worlds/threadvault.html",
      "type": ".html",
      "reachable": true,
      "category": "runtime",
      "refs_in": [
        "account.html",
        "worlds/threadcolor.html"
      ],
      "refs_out": [
        "index.html",
        "assets/spacecolors-logo-topbar.png",
        "worlds/threadcolor.html",
        "worlds/palette.html",
        "worlds/threadcolor.html",
        "worlds/threadcolor.html",
        "worlds/threadcolor.html",
        "i18n.js",
        "auth.js",
        "script.js",
        "stock.js"
      ]
    },
    {
      "path": "auth.js",
      "type": ".js",
      "reachable": true,
      "category": "runtime",
      "refs_in": [
        "account.html",
        "index.html",
        "worlds/palette.html",
        "worlds/threadcolor.html",
        "worlds/threadvault.html"
      ],
      "refs_out": []
    },
    {
      "path": "assets/Logo SpaceColors.png",
      "type": ".png",
      "reachable": false,
      "category": "asset",
      "refs_in": [],
      "refs_out": []
    },
    {
      "path": "assets/spacecolors-mark-512.png",
      "type": ".png",
      "reachable": false,
      "category": "asset",
      "refs_in": [],
      "refs_out": []
    },
    {
      "path": "assets/spacecolors-mark-64.png",
      "type": ".png",
      "reachable": false,
      "category": "asset",
      "refs_in": [],
      "refs_out": []
    },
    {
      "path": "CONTRIBUTING.md",
      "type": ".md",
      "reachable": false,
      "category": "doc",
      "refs_in": [],
      "refs_out": []
    },
    {
      "path": "crowd.js",
      "type": ".js",
      "reachable": true,
      "category": "runtime",
      "refs_in": [
        "script.js"
      ],
      "refs_out": [
        "data_normalize.js"
      ]
    },
    {
      "path": "data_normalize.js",
      "type": ".js",
      "reachable": true,
      "category": "runtime",
      "refs_in": [
        "crowd.js",
        "script.js",
        "tools/import_tch.mjs"
      ],
      "refs_out": []
    },
    {
      "path": "data/raw_tch/Ackerman Isacord 30.tch",
      "type": ".tch",
      "reachable": false,
      "category": "runtime",
      "refs_in": [],
      "refs_out": []
    },
    {
      "path": "data/threads.generated.json",
      "type": ".json",
      "reachable": false,
      "category": "data",
      "refs_in": [],
      "refs_out": []
    },
    {
      "path": "dependency-audit.json",
      "type": ".json",
      "reachable": false,
      "category": "data",
      "refs_in": [],
      "refs_out": []
    },
    {
      "path": "dependency-audit.md",
      "type": ".md",
      "reachable": false,
      "category": "doc",
      "refs_in": [],
      "refs_out": []
    },
    {
      "path": "DOC/00_TOAN_CANH.md",
      "type": ".md",
      "reachable": false,
      "category": "doc",
      "refs_in": [],
      "refs_out": []
    },
    {
      "path": "DOC/01_WORKFLOW.md",
      "type": ".md",
      "reachable": false,
      "category": "doc",
      "refs_in": [],
      "refs_out": []
    },
    {
      "path": "DOC/02_QUAN_TRI_GITHUB.md",
      "type": ".md",
      "reachable": false,
      "category": "doc",
      "refs_in": [],
      "refs_out": []
    },
    {
      "path": "DOC/REPO_SNAPSHOT.md",
      "type": ".md",
      "reachable": false,
      "category": "doc",
      "refs_in": [],
      "refs_out": []
    },
    {
      "path": "firestore.rules",
      "type": ".rules",
      "reachable": false,
      "category": "runtime",
      "refs_in": [],
      "refs_out": []
    },
    {
      "path": "i18n.js",
      "type": ".js",
      "reachable": true,
      "category": "runtime",
      "refs_in": [
        "index.html",
        "worlds/threadcolor.html",
        "worlds/threadvault.html"
      ],
      "refs_out": []
    },
    {
      "path": "library.js",
      "type": ".js",
      "reachable": true,
      "category": "runtime",
      "refs_in": [
        "script.js"
      ],
      "refs_out": []
    },
    {
      "path": "README.md",
      "type": ".md",
      "reachable": false,
      "category": "doc",
      "refs_in": [],
      "refs_out": []
    },
    {
      "path": "script.js",
      "type": ".js",
      "reachable": true,
      "category": "runtime",
      "refs_in": [
        "worlds/threadcolor.html",
        "worlds/threadvault.html"
      ],
      "refs_out": [
        "library.js",
        "data_normalize.js",
        "crowd.js",
        "workers/thread_search.worker.js",
        "threads.json",
        "threads.json"
      ]
    },
    {
      "path": "workers/thread_search.worker.js",
      "type": ".js",
      "reachable": true,
      "category": "runtime",
      "refs_in": [
        "script.js"
      ],
      "refs_out": []
    },
    {
      "path": "threads.json",
      "type": ".json",
      "reachable": true,
      "category": "data",
      "refs_in": [
        "script.js",
        "script.js",
        "tools/normalize_threads.mjs",
        "tools/validate_threads.mjs"
      ],
      "refs_out": []
    },
    {
      "path": "SECURITY.md",
      "type": ".md",
      "reachable": false,
      "category": "doc",
      "refs_in": [],
      "refs_out": []
    },
    {
      "path": "stock.js",
      "type": ".js",
      "reachable": true,
      "category": "runtime",
      "refs_in": [
        "worlds/threadvault.html"
      ],
      "refs_out": []
    },
    {
      "path": "style.css",
      "type": ".css",
      "reachable": false,
      "category": "runtime",
      "refs_in": [],
      "refs_out": []
    },
    {
      "path": "themes.css",
      "type": ".css",
      "reachable": false,
      "category": "runtime",
      "refs_in": [],
      "refs_out": []
    },
    {
      "path": "tools/bootstrap_admin.mjs",
      "type": ".mjs",
      "reachable": false,
      "category": "tooling",
      "refs_in": [],
      "refs_out": []
    },
    {
      "path": "tools/dependency_audit.mjs",
      "type": ".mjs",
      "reachable": false,
      "category": "tooling",
      "refs_in": [],
      "refs_out": []
    },
    {
      "path": "tools/import_tch.mjs",
      "type": ".mjs",
      "reachable": false,
      "category": "tooling",
      "refs_in": [],
      "refs_out": [
        "data_normalize.js"
      ]
    },
    {
      "path": "tools/normalize_threads.mjs",
      "type": ".mjs",
      "reachable": false,
      "category": "tooling",
      "refs_in": [],
      "refs_out": [
        "tools/validate_threads.mjs",
        "threads.json"
      ]
    },
    {
      "path": "tools/validate_threads.mjs",
      "type": ".mjs",
      "reachable": false,
      "category": "tooling",
      "refs_in": [
        "tools/normalize_threads.mjs"
      ],
      "refs_out": [
        "threads.json"
      ]
    }
  ],
  "edges": [
    {
      "from": "account.html",
      "to": "index.html",
      "kind": "internal"
    },
    {
      "from": "account.html",
      "to": "assets/spacecolors-logo-topbar.png",
      "kind": "internal"
    },
    {
      "from": "account.html",
      "to": "worlds/threadcolor.html",
      "kind": "internal"
    },
    {
      "from": "account.html",
      "to": "worlds/palette.html",
      "kind": "internal"
    },
    {
      "from": "account.html",
      "to": "worlds/threadvault.html",
      "kind": "internal"
    },
    {
      "from": "account.html",
      "to": "worlds/threadcolor.html",
      "kind": "internal"
    },
    {
      "from": "account.html",
      "to": "worlds/palette.html",
      "kind": "internal"
    },
    {
      "from": "account.html",
      "to": "auth.js",
      "kind": "internal"
    },
    {
      "from": "crowd.js",
      "to": "data_normalize.js",
      "kind": "internal"
    },
    {
      "from": "index.html",
      "to": "index.html",
      "kind": "internal"
    },
    {
      "from": "index.html",
      "to": "assets/spacecolors-logo-topbar.png",
      "kind": "internal"
    },
    {
      "from": "index.html",
      "to": "worlds/threadcolor.html",
      "kind": "internal"
    },
    {
      "from": "index.html",
      "to": "worlds/palette.html",
      "kind": "internal"
    },
    {
      "from": "index.html",
      "to": "worlds/threadcolor.html",
      "kind": "internal"
    },
    {
      "from": "index.html",
      "to": "worlds/threadcolor.html",
      "kind": "internal"
    },
    {
      "from": "index.html",
      "to": "worlds/threadcolor.html",
      "kind": "internal"
    },
    {
      "from": "index.html",
      "to": "i18n.js",
      "kind": "internal"
    },
    {
      "from": "index.html",
      "to": "auth.js",
      "kind": "internal"
    },
    {
      "from": "script.js",
      "to": "library.js",
      "kind": "internal"
    },
    {
      "from": "script.js",
      "to": "data_normalize.js",
      "kind": "internal"
    },
    {
      "from": "script.js",
      "to": "crowd.js",
      "kind": "internal"
    },
    {
      "from": "script.js",
      "to": "workers/thread_search.worker.js",
      "kind": "internal"
    },
    {
      "from": "script.js",
      "to": "threads.json",
      "kind": "internal"
    },
    {
      "from": "script.js",
      "to": "threads.json",
      "kind": "internal"
    },
    {
      "from": "tools/import_tch.mjs",
      "to": "data_normalize.js",
      "kind": "internal"
    },
    {
      "from": "tools/normalize_threads.mjs",
      "to": "tools/validate_threads.mjs",
      "kind": "internal"
    },
    {
      "from": "tools/normalize_threads.mjs",
      "to": "threads.json",
      "kind": "internal"
    },
    {
      "from": "tools/validate_threads.mjs",
      "to": "threads.json",
      "kind": "internal"
    },
    {
      "from": "worlds/palette.html",
      "to": "index.html",
      "kind": "internal"
    },
    {
      "from": "worlds/palette.html",
      "to": "assets/spacecolors-logo-topbar.png",
      "kind": "internal"
    },
    {
      "from": "worlds/palette.html",
      "to": "worlds/threadcolor.html",
      "kind": "internal"
    },
    {
      "from": "worlds/palette.html",
      "to": "worlds/palette.html",
      "kind": "internal"
    },
    {
      "from": "worlds/palette.html",
      "to": "worlds/threadcolor.html",
      "kind": "internal"
    },
    {
      "from": "worlds/palette.html",
      "to": "auth.js",
      "kind": "internal"
    },
    {
      "from": "worlds/threadcolor.html",
      "to": "index.html",
      "kind": "internal"
    },
    {
      "from": "worlds/threadcolor.html",
      "to": "assets/spacecolors-logo-topbar.png",
      "kind": "internal"
    },
    {
      "from": "worlds/threadcolor.html",
      "to": "worlds/threadcolor.html",
      "kind": "internal"
    },
    {
      "from": "worlds/threadcolor.html",
      "to": "worlds/palette.html",
      "kind": "internal"
    },
    {
      "from": "worlds/threadcolor.html",
      "to": "worlds/threadvault.html",
      "kind": "internal"
    },
    {
      "from": "worlds/threadcolor.html",
      "to": "i18n.js",
      "kind": "internal"
    },
    {
      "from": "worlds/threadcolor.html",
      "to": "auth.js",
      "kind": "internal"
    },
    {
      "from": "worlds/threadcolor.html",
      "to": "script.js",
      "kind": "internal"
    },
    {
      "from": "worlds/threadvault.html",
      "to": "index.html",
      "kind": "internal"
    },
    {
      "from": "worlds/threadvault.html",
      "to": "assets/spacecolors-logo-topbar.png",
      "kind": "internal"
    },
    {
      "from": "worlds/threadvault.html",
      "to": "worlds/threadcolor.html",
      "kind": "internal"
    },
    {
      "from": "worlds/threadvault.html",
      "to": "worlds/palette.html",
      "kind": "internal"
    },
    {
      "from": "worlds/threadvault.html",
      "to": "worlds/threadcolor.html",
      "kind": "internal"
    },
    {
      "from": "worlds/threadvault.html",
      "to": "worlds/threadcolor.html",
      "kind": "internal"
    },
    {
      "from": "worlds/threadvault.html",
      "to": "worlds/threadcolor.html",
      "kind": "internal"
    },
    {
      "from": "worlds/threadvault.html",
      "to": "i18n.js",
      "kind": "internal"
    },
    {
      "from": "worlds/threadvault.html",
      "to": "auth.js",
      "kind": "internal"
    },
    {
      "from": "worlds/threadvault.html",
      "to": "script.js",
      "kind": "internal"
    },
    {
      "from": "worlds/threadvault.html",
      "to": "stock.js",
      "kind": "internal"
    }
  ]
}