{
  "functions": {
    "source": "functions",
    "predeploy": [
      "npm --prefix \"$RESOURCE_DIR\" run build"
    ]
  },
  "hosting": {
    "public": ".",
    "ignore": [
      "firebase.json",
      ".firebaserc",
      "**/node_modules/**",
      "functions/**",
      ".github/**",
      "DOC/**",
      "reports/**",
      "tools/**",
      "workers/**",
      "_graveyard/**"
    ],
    "headers": [
      {
        "source": "**/*.html",
        "headers": [
          {
            "key": "Content-Type",
            "value": "text/html; charset=utf-8"
          },
          {
            "key": "Cache-Control",
            "value": "no-cache"
          }
        ]
      },
      {
        "source": "**/*.js",
        "headers": [
          {
            "key": "Content-Type",
            "value": "application/javascript; charset=utf-8"
          }
        ]
      },
      {
        "source": "**/*.css",
        "headers": [
          {
            "key": "Content-Type",
            "value": "text/css; charset=utf-8"
          }
        ]
      },
      {
        "source": "/admin/**",
        "headers": [
          {
            "key": "Cache-Control",
            "value": "no-store"
          }
        ]
      }
    ],
    "rewrites": [
      {
        "source": "/admin/**",
        "function": "adminApi"
      },
      {
        "source": "/telemetry/ingest",
        "function": "telemetryIngest"
      }
    ]
  },
  "emulators": {
    "functions": { "port": 5001 },
    "firestore": { "port": 8080 },
    "hosting": { "port": 5000 },
    "ui": { "enabled": true, "port": 4000 },
    "singleProjectMode": true
  }
}
